{"bgs":{"id":-1,"ie":false,"is":false,"name":"","v":{"k":3,"v":100}},"cp":{"k":7,"v":2},"d":0,"h":16,"id":2,"isi":false,"isky":false,"l":16,"music":{"id":-1,"ie":false,"is":false,"name":"","v":{"k":3,"v":100}},"names":{"1":"Default"},"of3d":[],"ofmoun":[],"ofsprites":[],"sbid":{"k":7,"v":1},"so":{"events":[{"id":1,"name":"Time","p":[{"id":1,"name":"","v":{"k":2,"v":null}},{"id":2,"name":"","v":{"k":10,"v":false}}],"r":{"1":{"bh":true,"c":[]}},"sys":true}],"hId":-1,"id":1,"name":"","ooepf":false,"states":[{"cam":false,"climb":false,"dir":false,"gid":-1,"gk":0,"id":1,"move":false,"name":"State 1","pix":false,"pos":false,"stop":false,"sx":{"k":12,"v":1},"sy":{"k":12,"v":1},"sz":{"k":12,"v":1},"through":false,"x":0,"y":0}]},"tileset":1,"w":16}