{"armors":[{"battleMessage":{"id":-1,"names":{"1":""}},"car":[{"o":false,"svid":{"k":7,"v":10},"u":false,"v":{"k":3,"v":2}}],"d":{"id":-1,"names":{"1":"A bronze helmet"}},"id":1,"names":{"1":"Bronze Helmet"},"p":[{"k":1,"vf":{"k":8,"v":"10"}}],"pid":4},{"battleMessage":{"id":-1,"names":{"1":""}},"car":[{"o":false,"svid":{"k":7,"v":10},"u":false,"v":{"k":3,"v":3}}],"d":{"id":-1,"names":{"1":"A bronze mail"}},"id":2,"names":{"1":"Bronze Mail"},"p":[{"k":1,"vf":{"k":8,"v":"50"}}],"pictureIndexX":1,"pid":4,"t":3},{"battleMessage":{"id":-1,"names":{"1":""}},"car":[{"o":false,"svid":{"k":7,"v":10},"u":false,"v":{"k":3,"v":2}}],"d":{"id":-1,"names":{"1":"A bronze vambraces"}},"id":3,"names":{"1":"Bronze Vambraces"},"p":[{"k":1,"vf":{"k":8,"v":"40"}}],"pictureIndexX":2,"pid":4,"t":5},{"battleMessage":{"id":-1,"names":{"1":""}},"car":[{"o":false,"svid":{"k":7,"v":10},"u":false,"v":{"k":3,"v":2}}],"d":{"id":-1,"names":{"1":"A bronze greaves"}},"id":4,"names":{"1":"Bronze Greaves"},"p":[{"k":1,"vf":{"k":8,"v":"30"}}],"pictureIndexX":3,"pid":4,"t":7},{"battleMessage":{"id":-1,"names":{"1":""}},"car":[{"o":false,"svid":{"k":7,"v":10},"u":false,"v":{"k":3,"v":2}}],"d":{"id":-1,"names":{"1":"Cotton headgear providing physical defense."}},"id":5,"names":{"1":"Cotton Headgear"},"p":[{"k":1,"vf":{"k":8,"v":"10"}}],"pictureIndexY":4,"pid":4,"t":2},{"battleMessage":{"id":-1,"names":{"1":""}},"car":[{"o":false,"svid":{"k":7,"v":10},"u":false,"v":{"k":3,"v":3}}],"d":{"id":-1,"names":{"1":"A cotton vest providing physical defense."}},"id":6,"names":{"1":"Cotton Vest"},"p":[{"k":1,"vf":{"k":8,"v":"50"}}],"pictureIndexX":1,"pictureIndexY":4,"pid":4,"t":4},{"battleMessage":{"id":-1,"names":{"1":""}},"car":[{"o":false,"svid":{"k":7,"v":10},"u":false,"v":{"k":3,"v":2}}],"d":{"id":-1,"names":{"1":"Cotton gloves providing physical defense."}},"id":7,"names":{"1":"Cotton Gloves"},"p":[{"k":1,"vf":{"k":8,"v":"40"}}],"pictureIndexX":2,"pictureIndexY":4,"pid":4,"t":6},{"battleMessage":{"id":-1,"names":{"1":""}},"car":[{"o":false,"svid":{"k":7,"v":10},"u":false,"v":{"k":3,"v":2}}],"d":{"id":-1,"names":{"1":"Cotton trousers providing physical defense."}},"id":8,"names":{"1":"Cotton Trousers"},"p":[{"k":1,"vf":{"k":8,"v":"30"}}],"pictureIndexX":3,"pictureIndexY":4,"pid":4,"t":7},{"battleMessage":{"id":-1,"names":{"1":""}},"car":[{"o":false,"svid":{"k":7,"v":10},"u":false,"v":{"k":3,"v":3}}],"d":{"id":-1,"names":{"1":"A silver helmet providing physical defense."}},"id":9,"names":{"1":"Silver Helmet"},"p":[{"k":1,"vf":{"k":8,"v":"100"}}],"pictureIndexY":1,"pid":4},{"battleMessage":{"id":-1,"names":{"1":""}},"car":[{"o":false,"svid":{"k":7,"v":10},"u":false,"v":{"k":3,"v":5}}],"d":{"id":-1,"names":{"1":"Silver mail providing physical defense."}},"id":10,"names":{"1":"Silver Mail"},"p":[{"k":1,"vf":{"k":8,"v":"500"}}],"pictureIndexX":1,"pictureIndexY":1,"pid":4,"t":3},{"battleMessage":{"id":-1,"names":{"1":""}},"car":[{"o":false,"svid":{"k":7,"v":10},"u":false,"v":{"k":3,"v":3}}],"d":{"id":-1,"names":{"1":"Silver vambraces providing physical defense."}},"id":11,"names":{"1":"Silver Vambraces"},"p":[{"k":1,"vf":{"k":8,"v":"400"}}],"pictureIndexX":2,"pictureIndexY":1,"pid":4,"t":5},{"battleMessage":{"id":-1,"names":{"1":""}},"car":[{"o":false,"svid":{"k":7,"v":10},"u":false,"v":{"k":3,"v":3}}],"d":{"id":-1,"names":{"1":"Silver greaves providing physical defense."}},"id":12,"names":{"1":"Silver Greaves"},"p":[{"k":1,"vf":{"k":8,"v":"300"}}],"pictureIndexX":3,"pictureIndexY":1,"pid":4,"t":7},{"battleMessage":{"id":-1,"names":{"1":""}},"car":[{"o":false,"svid":{"k":7,"v":10},"u":false,"v":{"k":3,"v":3}}],"d":{"id":-1,"names":{"1":"Leather headgear providing physical defense."}},"id":13,"names":{"1":"Leather Headgear"},"p":[{"k":1,"vf":{"k":8,"v":"100"}}],"pictureIndexY":4,"pid":4,"t":2},{"battleMessage":{"id":-1,"names":{"1":""}},"car":[{"o":false,"svid":{"k":7,"v":10},"u":false,"v":{"k":3,"v":5}}],"d":{"id":-1,"names":{"1":"A leather vest providing physical defense."}},"id":14,"names":{"1":"Leather Vest"},"p":[{"k":1,"vf":{"k":8,"v":"500"}}],"pictureIndexX":1,"pictureIndexY":4,"pid":4,"t":4},{"battleMessage":{"id":-1,"names":{"1":""}},"car":[{"o":false,"svid":{"k":7,"v":10},"u":false,"v":{"k":3,"v":3}}],"d":{"id":-1,"names":{"1":"Leather gloves providing physical defense."}},"id":15,"names":{"1":"Leather Gloves"},"p":[{"k":1,"vf":{"k":8,"v":"400"}}],"pictureIndexX":2,"pictureIndexY":4,"pid":4,"t":6},{"battleMessage":{"id":-1,"names":{"1":""}},"car":[{"o":false,"svid":{"k":7,"v":10},"u":false,"v":{"k":3,"v":3}}],"d":{"id":-1,"names":{"1":"Leather trousers providing physical defense."}},"id":16,"names":{"1":"Leather Trousers"},"p":[{"k":1,"vf":{"k":8,"v":"300"}}],"pictureIndexX":3,"pictureIndexY":4,"pid":4,"t":7},{"battleMessage":{"id":-1,"names":{"1":""}},"car":[{"o":false,"svid":{"k":7,"v":10},"u":false,"v":{"k":3,"v":10}}],"d":{"id":-1,"names":{"1":"A gold helmet providing physical defense."}},"id":17,"names":{"1":"Gold Helmet"},"p":[{"k":1,"vf":{"k":8,"v":"1000"}}],"pictureIndexY":2,"pid":4},{"battleMessage":{"id":-1,"names":{"1":""}},"car":[{"o":false,"svid":{"k":7,"v":10},"u":false,"v":{"k":3,"v":15}}],"d":{"id":-1,"names":{"1":"Gold mail providing physical defense."}},"id":18,"names":{"1":"Gold Mail"},"p":[{"k":1,"vf":{"k":8,"v":"5000"}}],"pictureIndexX":1,"pictureIndexY":2,"pid":4,"t":3},{"battleMessage":{"id":-1,"names":{"1":""}},"car":[{"o":false,"svid":{"k":7,"v":10},"u":false,"v":{"k":3,"v":10}}],"d":{"id":-1,"names":{"1":"Gold vambraces providing physical defense."}},"id":19,"names":{"1":"Gold Vambraces"},"p":[{"k":1,"vf":{"k":8,"v":"4000"}}],"pictureIndexX":2,"pictureIndexY":2,"pid":4,"t":5},{"battleMessage":{"id":-1,"names":{"1":""}},"car":[{"o":false,"svid":{"k":7,"v":10},"u":false,"v":{"k":3,"v":10}}],"d":{"id":-1,"names":{"1":"Gold greaves providing physical defense."}},"id":20,"names":{"1":"Gold Greaves"},"p":[{"k":1,"vf":{"k":8,"v":"3000"}}],"pictureIndexX":3,"pictureIndexY":2,"pid":4,"t":7},{"battleMessage":{"id":-1,"names":{"1":""}},"car":[{"o":false,"svid":{"k":7,"v":11},"u":false,"v":{"k":3,"v":10}}],"d":{"id":-1,"names":{"1":"Luxurious headgear providing magic defense."}},"id":21,"names":{"1":"Luxurious Headgear"},"p":[{"k":1,"vf":{"k":8,"v":"1000"}}],"pictureIndexY":6,"pid":4,"t":2},{"battleMessage":{"id":-1,"names":{"1":""}},"car":[{"o":false,"svid":{"k":7,"v":11},"u":false,"v":{"k":3,"v":15}}],"d":{"id":-1,"names":{"1":"A luxurious vest providing magic defense."}},"id":22,"names":{"1":"Luxurious Vest"},"p":[{"k":1,"vf":{"k":8,"v":"5000"}}],"pictureIndexX":1,"pictureIndexY":6,"pid":4,"t":4},{"battleMessage":{"id":-1,"names":{"1":""}},"car":[{"o":false,"svid":{"k":7,"v":11},"u":false,"v":{"k":3,"v":10}}],"d":{"id":-1,"names":{"1":"Luxurious gloves providing magic defense."}},"id":23,"names":{"1":"Luxurious Gloves"},"p":[{"k":1,"vf":{"k":8,"v":"4000"}}],"pictureIndexX":2,"pictureIndexY":6,"pid":4,"t":6},{"battleMessage":{"id":-1,"names":{"1":""}},"car":[{"o":false,"svid":{"k":7,"v":11},"u":false,"v":{"k":3,"v":10}}],"d":{"id":-1,"names":{"1":"Luxurious trousers providing magic defense."}},"id":24,"names":{"1":"Luxurious Trousers"},"p":[{"k":1,"vf":{"k":8,"v":"3000"}}],"pictureIndexX":3,"pictureIndexY":6,"pid":4,"t":7},{"battleMessage":{"id":-1,"names":{"1":""}},"car":[{"o":false,"svid":{"k":7,"v":10},"u":false,"v":{"k":3,"v":30}}],"d":{"id":-1,"names":{"1":"A diamond helmet providing physical defense."}},"id":25,"names":{"1":"Diamond Helmet"},"p":[{"k":1,"vf":{"k":8,"v":"10000"}}],"pictureIndexY":3,"pid":4},{"battleMessage":{"id":-1,"names":{"1":""}},"car":[{"o":false,"svid":{"k":7,"v":10},"u":false,"v":{"k":3,"v":50}}],"d":{"id":-1,"names":{"1":"Diamond mail providing physical defense."}},"id":26,"names":{"1":"Diamond Mail"},"p":[{"k":1,"vf":{"k":8,"v":"50000"}}],"pictureIndexX":1,"pictureIndexY":3,"pid":4,"t":3},{"battleMessage":{"id":-1,"names":{"1":""}},"car":[{"o":false,"svid":{"k":7,"v":10},"u":false,"v":{"k":3,"v":30}}],"d":{"id":-1,"names":{"1":"Diamond vambraces providing physical defense."}},"id":27,"names":{"1":"Diamond Vambraces"},"p":[{"k":1,"vf":{"k":8,"v":"40000"}}],"pictureIndexX":2,"pictureIndexY":3,"pid":4,"t":5},{"battleMessage":{"id":-1,"names":{"1":""}},"car":[{"o":false,"svid":{"k":7,"v":10},"u":false,"v":{"k":3,"v":30}}],"d":{"id":-1,"names":{"1":"Diamond greaves providing physical defense."}},"id":28,"names":{"1":"Diamond Greaves"},"p":[{"k":1,"vf":{"k":8,"v":"30000"}}],"pictureIndexX":3,"pictureIndexY":3,"pid":4,"t":7},{"battleMessage":{"id":-1,"names":{"1":""}},"car":[{"o":false,"svid":{"k":7,"v":11},"u":false,"v":{"k":3,"v":30}}],"d":{"id":-1,"names":{"1":"Mystic headgear providing magic defense."}},"id":29,"names":{"1":"Mystic Headgear"},"p":[{"k":1,"vf":{"k":8,"v":"10000"}}],"pictureIndexY":7,"pid":4,"t":2},{"battleMessage":{"id":-1,"names":{"1":""}},"car":[{"o":false,"svid":{"k":7,"v":10},"u":false,"v":{"k":3,"v":50}}],"d":{"id":-1,"names":{"1":"A mystic vest providing magic defense."}},"id":30,"names":{"1":"Mystic Vest"},"p":[{"k":1,"vf":{"k":8,"v":"50000"}}],"pictureIndexX":1,"pictureIndexY":7,"pid":4,"t":4},{"battleMessage":{"id":-1,"names":{"1":""}},"car":[{"o":false,"svid":{"k":7,"v":11},"u":false,"v":{"k":3,"v":30}}],"d":{"id":-1,"names":{"1":"Mystic gloves providing magic defense."}},"id":31,"names":{"1":"Mystic Gloves"},"p":[{"k":1,"vf":{"k":8,"v":"40000"}}],"pictureIndexX":2,"pictureIndexY":7,"pid":4,"t":6},{"battleMessage":{"id":-1,"names":{"1":""}},"car":[{"o":false,"svid":{"k":7,"v":10},"u":false,"v":{"k":3,"v":30}}],"d":{"id":-1,"names":{"1":"A mystic trousers providing magic defense."}},"id":32,"names":{"1":"Mystic Trousers"},"p":[{"k":1,"vf":{"k":8,"v":"30000"}}],"pictureIndexX":3,"pictureIndexY":7,"pid":4,"t":7},{"battleMessage":{"id":-1,"names":{"1":""}},"car":[{"o":false,"svid":{"k":7,"v":9},"u":false,"v":{"k":3,"v":25}}],"d":{"id":-1,"names":{"1":"A beautiful sapphire ring that massively increases intelligence."}},"id":33,"names":{"1":"Sapphire Ring"},"p":[{"k":1,"vf":{"k":8,"v":"1000"}}],"pictureIndexY":9,"pid":4,"t":9},{"battleMessage":{"id":-1,"names":{"1":""}},"car":[{"o":false,"svid":{"k":7,"v":9},"u":false,"v":{"k":3,"v":20}}],"d":{"id":-1,"names":{"1":"A beautiful sapphire necklace that greatly increases intelligence."}},"id":34,"names":{"1":"Sapphire Necklace"},"p":[{"k":1,"vf":{"k":8,"v":"500"}}],"pictureIndexX":1,"pictureIndexY":9,"pid":4,"t":10},{"battleMessage":{"id":-1,"names":{"1":""}},"car":[{"o":false,"svid":{"k":7,"v":9},"u":false,"v":{"k":3,"v":15}}],"d":{"id":-1,"names":{"1":"A beautiful sapphire bracelet that moderately increases intelligence."}},"id":35,"names":{"1":"Sapphire Bracelet"},"p":[{"k":1,"vf":{"k":8,"v":"300"}}],"pictureIndexX":2,"pictureIndexY":9,"pid":4,"t":11},{"battleMessage":{"id":-1,"names":{"1":""}},"car":[{"o":false,"svid":{"k":7,"v":9},"u":false,"v":{"k":3,"v":10}}],"d":{"id":-1,"names":{"1":"A beautiful sapphire earring that slightly increases intelligence."}},"id":36,"names":{"1":"Sapphire Earring"},"p":[{"k":1,"vf":{"k":8,"v":"150"}}],"pictureIndexX":3,"pictureIndexY":9,"pid":4,"t":12},{"battleMessage":{"id":-1,"names":{"1":""}},"car":[{"o":false,"svid":{"k":7,"v":8},"u":false,"v":{"k":3,"v":25}}],"d":{"id":-1,"names":{"1":"A beautiful ruby ring that massively increases strength."}},"id":37,"names":{"1":"Ruby Ring"},"p":[{"k":1,"vf":{"k":8,"v":"1000"}}],"pictureIndexY":10,"pid":4,"t":9},{"battleMessage":{"id":-1,"names":{"1":""}},"car":[{"o":false,"svid":{"k":7,"v":8},"u":false,"v":{"k":3,"v":20}}],"d":{"id":-1,"names":{"1":"A beautiful ruby necklace that greatly increases strength."}},"id":38,"names":{"1":"Ruby Necklace"},"p":[{"k":1,"vf":{"k":8,"v":"500"}}],"pictureIndexX":1,"pictureIndexY":10,"pid":4,"t":10},{"battleMessage":{"id":-1,"names":{"1":""}},"car":[{"o":false,"svid":{"k":7,"v":8},"u":false,"v":{"k":3,"v":15}}],"d":{"id":-1,"names":{"1":"A beautiful ruby bracelet that moderately increases strength."}},"id":39,"names":{"1":"Ruby Bracelet"},"p":[{"k":1,"vf":{"k":8,"v":"300"}}],"pictureIndexX":2,"pictureIndexY":10,"pid":4,"t":11},{"battleMessage":{"id":-1,"names":{"1":""}},"car":[{"o":false,"svid":{"k":7,"v":8},"u":false,"v":{"k":3,"v":10}}],"d":{"id":-1,"names":{"1":"A beautiful ruby earring that slightly increases strength."}},"id":40,"names":{"1":"Ruby Earring"},"p":[{"k":1,"vf":{"k":8,"v":"150"}}],"pictureIndexX":3,"pictureIndexY":10,"pid":4,"t":12},{"battleMessage":{"id":-1,"names":{"1":""}},"car":[{"o":false,"svid":{"k":7,"v":12},"u":false,"v":{"k":3,"v":25}}],"d":{"id":-1,"names":{"1":"A beautiful emerald ring that massively increases agility."}},"id":41,"names":{"1":"Emerald Ring"},"p":[{"k":1,"vf":{"k":8,"v":"1000"}}],"pictureIndexY":11,"pid":4,"t":9},{"battleMessage":{"id":-1,"names":{"1":""}},"car":[{"o":false,"svid":{"k":7,"v":12},"u":false,"v":{"k":3,"v":20}}],"d":{"id":-1,"names":{"1":"A beautiful emerald necklace that greatly increases agility."}},"id":42,"names":{"1":"Emerald Necklace"},"p":[{"k":1,"vf":{"k":8,"v":"500"}}],"pictureIndexX":1,"pictureIndexY":11,"pid":4,"t":10},{"battleMessage":{"id":-1,"names":{"1":""}},"car":[{"o":false,"svid":{"k":7,"v":12},"u":false,"v":{"k":3,"v":15}}],"d":{"id":-1,"names":{"1":"A beautiful emerald bracelet that moderately increases agility."}},"id":43,"names":{"1":"Emerald Bracelet"},"p":[{"k":1,"vf":{"k":8,"v":"300"}}],"pictureIndexX":2,"pictureIndexY":11,"pid":4,"t":11},{"battleMessage":{"id":-1,"names":{"1":""}},"car":[{"o":false,"svid":{"k":7,"v":12},"u":false,"v":{"k":3,"v":10}}],"d":{"id":-1,"names":{"1":"A beautiful emerald earring that slightly increases agility."}},"id":44,"names":{"1":"Emerald Earring"},"p":[{"k":1,"vf":{"k":8,"v":"150"}}],"pictureIndexX":3,"pictureIndexY":11,"pid":4,"t":12}]}